,DA,ID2,ID3,CID,BE
2024-10-23 00:00:00+02:00,1.0,0.998837252978359,0.998837252978359,1.0006002784731942,0.9918454383429837
2024-10-23 01:00:00+02:00,1.0,0.9996731817015171,0.9996731817015171,0.9962417782594715,1.0005076396062496
2024-10-23 02:00:00+02:00,1.0,1.000179649940914,1.000179649940914,1.0004242264120509,0.9899516863641208
2024-10-23 03:00:00+02:00,1.0,1.003050895049993,1.003050895049993,0.9931623868408321,0.984581091494367
2024-10-23 04:00:00+02:00,1.0,1.0035297556549208,1.0035297556549208,0.981748896887612,0.9740235777462762
2024-10-23 05:00:00+02:00,1.0,1.0018219480407395,1.0018219480407395,0.9798947630334447,0.9845261123541733
2024-10-23 06:00:00+02:00,1.0,1.0002829085693885,1.0002829085693885,0.9879601517377291,0.9645628371808332
2024-10-23 07:00:00+02:00,1.0,0.998658439657546,0.998658439657546,0.9741684372236087,0.9609149736396234
2024-10-23 08:00:00+02:00,1.0,0.9987128619045621,0.9987128619045621,0.9718622655840685,0.9943456320125865
2024-10-23 09:00:00+02:00,1.0,0.9961694948090599,0.9961694948090599,0.9935250799861736,1.009541143604922
2024-10-23 10:00:00+02:00,1.0,0.9970149547925434,0.9970149547925434,1.0075113402443634,1.0199669870454635
2024-10-23 11:00:00+02:00,1.0,0.9979600831166499,0.9979600831166499,1.0144395166711848,1.0261394480143853
2024-10-23 12:00:00+02:00,1.0,1.001868728809159,1.0177239842302621,1.0280583570875197,1.0219130150011115
2024-10-23 13:00:00+02:00,1.0,1.0,1.0135603499442138,1.0178426633831978,1.0242415354906076
2024-10-23 14:00:00+02:00,1.0,1.0,1.0115143156034176,1.0201498741135464,1.0128137648287068
2024-10-23 15:00:00+02:00,1.0,1.0,1.0089981206797614,1.0081885300986113,1.0082890202473207
2024-10-23 16:00:00+02:00,1.0,1.0,1.005758041351718,1.005411722287063,1.000612810469687
2024-10-23 17:00:00+02:00,1.0,1.0,0.9974996702923004,0.9974411183685289,0.994611142603689
2024-10-23 18:00:00+02:00,1.0,1.0,0.9920257337734144,0.991165628866653,1.006877769932091
2024-10-23 19:00:00+02:00,1.0,1.0,1.0055105515655638,1.017243595716099,0.9999228124719635
2024-10-23 20:00:00+02:00,1.0,1.0,1.0045638752565742,0.998125356232931,1.003329155539672
2024-10-23 21:00:00+02:00,1.0,1.0,1.0034548628835502,0.999573240572677,1.009161024847234
2024-10-23 22:00:00+02:00,1.0,1.0,1.0065178936418664,1.008666834968138,1.0135657226883554
2024-10-23 23:00:00+02:00,1.0,1.0,1.0,1.0068262272599013,1.013915240114612
